lga_code,lga_name,erp_2024,erp_2025,change_no,change_pct,natural_increase,net_internal_mig,net_overseas_mig,area_km2,pop_density,state,state_abbr,lon,lat
10050,Albury,58768,59538,770,1.3,201,335,234,305.6,194.8,New South Wales,NSW,,
10180,Armidale,29686,29652,-34,-0.1,43,-329,252,7809.4,3.8,New South Wales,NSW,,
10250,Ballina,48135,48603,468,1.0,-47,313,202,485.0,100.2,New South Wales,NSW,,
10300,Balranald,2256,2244,-12,-0.5,10,-31,9,21690.7,0.1,New South Wales,NSW,,
10470,Bathurst,44999,45359,360,0.8,207,-12,165,3817.9,11.9,New South Wales,NSW,,
10500,Bayside (NSW),186061,187770,1709,0.9,925,-3143,3927,50.6,3709.4,New South Wales,NSW,,
10550,Bega Valley,36700,36921,221,0.6,-85,224,82,6278.5,5.9,New South Wales,NSW,,
10600,Bellingen,13312,13348,36,0.3,-2,-1,39,1600.4,8.3,New South Wales,NSW,,
10650,Berrigan,8716,8773,57,0.7,-47,74,30,2065.9,4.2,New South Wales,NSW,,
10750,Blacktown,439552,449385,9833,2.2,4000,839,4994,238.8,1881.5,New South Wales,NSW,150.91,-33.77
10800,Bland,5465,5455,-10,-0.2,22,-43,11,8557.7,0.6,New South Wales,NSW,,
10850,Blayney,7768,7831,63,0.8,21,29,13,1524.6,5.1,New South Wales,NSW,,
10900,Blue Mountains,78847,79236,389,0.5,66,-136,459,1431.1,55.4,New South Wales,NSW,150.31,-33.73
10950,Bogan,2406,2373,-33,-1.4,21,-62,8,14599.9,0.2,New South Wales,NSW,,
11150,Bourke,2366,2310,-56,-2.4,20,-83,7,41598.4,0.1,New South Wales,NSW,,
11200,Brewarrina,1401,1396,-5,-0.4,-2,-8,5,19162.0,0.1,New South Wales,NSW,,
11250,Broken Hill,17599,17515,-84,-0.5,-9,-114,39,170.1,103.0,New South Wales,NSW,,
11300,Burwood,43352,43927,575,1.3,61,-670,1184,7.1,6162.4,New South Wales,NSW,,
11350,Byron,38087,38784,697,1.8,138,219,340,565.8,68.5,New South Wales,NSW,,
11400,Cabonne,13917,13915,-2,0.0,17,-41,22,6022.3,2.3,New South Wales,NSW,,
11450,Camden,141258,146483,5225,3.7,1684,3030,511,201.5,726.9,New South Wales,NSW,150.7,-34.05
11500,Campbelltown (NSW),188545,191285,2740,1.5,1583,-450,1607,311.4,614.3,New South Wales,NSW,,
11520,Canada Bay,92357,93006,649,0.7,389,-1081,1341,19.9,4668.1,New South Wales,NSW,,
11570,Canterbury-Bankstown,385655,389687,4032,1.0,2748,-4541,5825,110.2,3535.0,New South Wales,NSW,,
11600,Carrathool,2772,2803,31,1.1,15,4,12,18934.5,0.1,New South Wales,NSW,,
11650,Central Coast (NSW),355354,357816,2462,0.7,401,238,1823,1681.0,212.9,New South Wales,NSW,,
11700,Central Darling,1776,1773,-3,-0.2,4,-13,6,53492.2,0.0,New South Wales,NSW,,
11720,Cessnock,69432,71443,2011,2.9,505,1405,101,1965.2,36.4,New South Wales,NSW,,
11730,Clarence Valley,56216,56874,658,1.2,-133,677,114,10428.7,5.5,New South Wales,NSW,,
11750,Cobar,4015,4019,4,0.1,26,-33,11,45575.4,0.1,New South Wales,NSW,,
11800,Coffs Harbour,81529,82109,580,0.7,94,53,433,1173.7,70.0,New South Wales,NSW,,
12000,Coolamon,4636,4742,106,2.3,12,87,7,2430.9,2.0,New South Wales,NSW,,
12150,Coonamble,3878,3889,11,0.3,26,-22,7,9916.1,0.4,New South Wales,NSW,,
12160,Cootamundra-Gundagai,11452,11429,-23,-0.2,-12,-48,37,3981.4,2.9,New South Wales,NSW,,
12350,Cowra,12718,12721,3,0.0,-23,6,20,2808.8,4.5,New South Wales,NSW,,
12380,Cumberland,252839,256906,4067,1.6,2475,-4093,5685,72.7,3531.4,New South Wales,NSW,150.95,-33.84
12390,Dubbo,57049,57384,335,0.6,361,-252,226,7534.5,7.6,New South Wales,NSW,,
12700,Dungog,9911,10102,191,1.9,21,158,12,2250.0,4.5,New South Wales,NSW,,
12730,Edward River,8492,8501,9,0.1,17,-39,31,8883.4,1.0,New South Wales,NSW,,
12750,Eurobodalla,41123,41309,186,0.5,-225,308,103,3428.2,12.0,New South Wales,NSW,,
12850,Fairfield,212482,213677,1195,0.6,752,-2463,2906,101.5,2105.0,New South Wales,NSW,,
12870,Federation,13160,13247,87,0.7,-30,92,25,5684.9,2.3,New South Wales,NSW,,
12900,Forbes,9322,9301,-21,-0.2,-5,-28,12,4710.1,2.0,New South Wales,NSW,,
12930,Georges River,161742,163919,2177,1.3,540,-1831,3468,38.3,4275.7,New South Wales,NSW,,
12950,Gilgandra,4305,4304,-1,0.0,20,-31,10,4831.5,0.9,New South Wales,NSW,,
13010,Glen Innes Severn,9005,9069,64,0.7,-33,85,12,5480.0,1.7,New South Wales,NSW,,
13310,Goulburn Mulwaree,33305,33746,441,1.3,105,199,137,3220.1,10.5,New South Wales,NSW,,
13340,Greater Hume,11660,11742,82,0.7,26,37,19,5749.4,2.0,New South Wales,NSW,,
13450,Griffith,27432,27458,26,0.1,215,-415,226,1639.2,16.8,New South Wales,NSW,,
13550,Gunnedah,13414,13502,88,0.7,67,-11,32,4987.0,2.7,New South Wales,NSW,,
13660,Gwydir,4919,4968,49,1.0,-16,61,4,9259.7,0.5,New South Wales,NSW,,
13800,Hawkesbury,68639,69299,660,1.0,424,8,228,2775.1,25.0,New South Wales,NSW,150.83,-33.58
13850,Hay,2867,2899,32,1.1,16,4,12,11325.9,0.3,New South Wales,NSW,,
13910,Hilltops,19393,19347,-46,-0.2,-19,-68,41,7140.9,2.7,New South Wales,NSW,,
14000,Hornsby,154866,155484,618,0.4,52,-1250,1816,455.0,341.7,New South Wales,NSW,,
14100,Hunters Hill,14047,13983,-64,-0.5,-78,-88,102,5.7,2445.9,New South Wales,NSW,,
14170,Inner West,191173,193125,1952,1.0,832,-1784,2904,35.2,5484.7,New South Wales,NSW,,
14220,Inverell,18130,18152,22,0.1,21,-60,61,9404.8,1.9,New South Wales,NSW,,
14300,Junee,6456,6403,-53,-0.8,14,-108,41,2030.0,3.2,New South Wales,NSW,,
14350,Kempsey,31818,31950,132,0.4,-60,113,79,3375.7,9.5,New South Wales,NSW,,
14400,Kiama,23159,23139,-20,-0.1,-62,-50,92,257.7,89.8,New South Wales,NSW,,
14500,Ku-ring-gai,128429,128542,113,0.1,-155,-1236,1504,85.4,1505.0,New South Wales,NSW,,
14550,Kyogle,9633,9707,74,0.8,-1,57,18,3584.2,2.7,New South Wales,NSW,,
14600,Lachlan,6118,6118,0,0.0,33,-45,12,14968.3,0.4,New South Wales,NSW,,
14650,Lake Macquarie,222144,224540,2396,1.1,246,1535,615,648.6,346.2,New South Wales,NSW,151.6,-33.05
14700,Lane Cove,42594,43094,500,1.2,292,-327,535,10.5,4112.5,New South Wales,NSW,,
14750,Leeton,11502,11475,-27,-0.2,44,-104,33,1167.2,9.8,New South Wales,NSW,,
14850,Lismore,43750,43642,-108,-0.2,66,-323,149,1287.7,33.9,New South Wales,NSW,,
14870,Lithgow,20787,20693,-94,-0.5,-81,-58,45,4512.3,4.6,New South Wales,NSW,,
14900,Liverpool,255367,261231,5864,2.3,2329,1177,2358,305.7,854.4,New South Wales,NSW,150.92,-33.92
14920,Liverpool Plains,7679,7671,-8,-0.1,17,-33,8,5082.2,1.5,New South Wales,NSW,,
14950,Lockhart,3488,3509,21,0.6,-5,22,4,2895.8,1.2,New South Wales,NSW,,
15050,Maitland,98232,100439,2207,2.2,625,1342,240,391.5,256.5,New South Wales,NSW,151.55,-32.73
15240,Mid-Coast,98750,99448,698,0.7,-558,1068,188,10053.9,9.9,New South Wales,NSW,,
15270,Mid-Western,26301,26472,171,0.7,84,15,72,8752.3,3.0,New South Wales,NSW,,
15300,Moree Plains,12879,12845,-34,-0.3,106,-160,20,17902.7,0.7,New South Wales,NSW,,
15350,Mosman,29284,29374,90,0.3,59,-399,430,8.7,3395.7,New South Wales,NSW,,
15520,Murray River,13675,14030,355,2.6,-18,339,34,11863.0,1.2,New South Wales,NSW,,
15560,Murrumbidgee,3687,3695,8,0.2,17,-24,15,6880.8,0.5,New South Wales,NSW,,
15650,Muswellbrook,16850,16859,9,0.1,77,-127,59,3404.9,5.0,New South Wales,NSW,,
15700,Nambucca Valley,21050,21237,187,0.9,-56,210,33,1491.3,14.2,New South Wales,NSW,,
15750,Narrabri,12842,12797,-45,-0.4,22,-88,21,13015.0,1.0,New South Wales,NSW,,
15800,Narrandera,5740,5761,21,0.4,-5,9,17,4116.3,1.4,New South Wales,NSW,,
15850,Narromine,6430,6420,-10,-0.2,35,-55,10,5261.5,1.2,New South Wales,NSW,,
15900,Newcastle,176988,178935,1947,1.1,434,-185,1698,186.7,958.3,New South Wales,NSW,151.77,-32.93
15950,North Sydney,73090,73705,615,0.8,477,-1126,1264,10.5,7025.5,New South Wales,NSW,,
15990,Northern Beaches,271240,272656,1416,0.5,692,-2600,3324,254.2,1072.6,New South Wales,NSW,,
16100,Oberon,5589,5595,6,0.1,2,-6,10,3625.0,1.5,New South Wales,NSW,,
16150,Orange,44728,44990,262,0.6,195,-105,172,284.2,158.3,New South Wales,NSW,,
16200,Parkes,14234,14175,-59,-0.4,26,-118,33,5957.6,2.4,New South Wales,NSW,,
16260,Parramatta,275406,279014,3608,1.3,2024,-4567,6151,83.8,3328.3,New South Wales,NSW,151.0,-33.82
16350,Penrith,228938,231701,2763,1.2,1696,-265,1332,404.7,572.5,New South Wales,NSW,150.69,-33.75
16380,Port Macquarie-Hastings,91064,92432,1368,1.5,-288,1397,259,3682.4,25.1,New South Wales,NSW,,
16400,Port Stephens,79048,80070,1022,1.3,48,716,258,858.4,93.3,New South Wales,NSW,,
16490,Queanbeyan-Palerang,66609,67633,1024,1.5,545,101,378,5319.0,12.7,New South Wales,NSW,,
16550,Randwick,144732,146484,1752,1.2,547,-2746,3951,36.3,4031.9,New South Wales,NSW,,
16610,Richmond Valley,23968,24044,76,0.3,41,-17,52,3047.4,7.9,New South Wales,NSW,,
16700,Ryde,139226,141693,2467,1.8,763,-993,2697,40.5,3500.8,New South Wales,NSW,,
16900,Shellharbour,81669,83228,1559,1.9,403,938,218,147.4,564.6,New South Wales,NSW,,
16950,Shoalhaven,110981,111755,774,0.7,-248,702,320,4567.2,24.5,New South Wales,NSW,,
17000,Singleton,25678,25841,163,0.6,126,-58,95,4892.7,5.3,New South Wales,NSW,,
17040,Snowy Monaro,22305,22396,91,0.4,31,-67,127,15164.8,1.5,New South Wales,NSW,,
17080,Snowy Valleys,15049,15058,9,0.1,-19,-17,45,8958.9,1.7,New South Wales,NSW,,
17100,Strathfield,48537,49203,666,1.4,387,-926,1205,14.0,3514.3,New South Wales,NSW,,
17150,Sutherland,238812,241327,2515,1.1,784,120,1611,333.6,723.4,New South Wales,NSW,,
17200,Sydney,237557,241797,4240,1.8,900,-3965,7305,26.7,9064.1,New South Wales,NSW,,
17310,Tamworth,66055,66403,348,0.5,242,-179,285,9884.4,6.7,New South Wales,NSW,,
17350,Temora,6060,6050,-10,-0.2,-21,1,10,2802.0,2.2,New South Wales,NSW,,
17400,Tenterfield,7120,7188,68,1.0,-15,70,13,7324.3,1.0,New South Wales,NSW,,
17420,The Hills,215823,222675,6852,3.2,1041,3775,2036,386.2,576.6,New South Wales,NSW,151.0,-33.68
17550,Tweed,100328,101044,716,0.7,-131,427,420,1307.8,77.3,New South Wales,NSW,,
17620,Upper Hunter,14423,14425,2,0.0,-6,-59,67,8096.1,1.8,New South Wales,NSW,,
17640,Upper Lachlan,8915,9005,90,1.0,-2,74,18,7127.4,1.3,New South Wales,NSW,,
17650,Uralla,6118,6179,61,1.0,1,46,14,3226.5,1.9,New South Wales,NSW,,
17750,Wagga Wagga,69106,69108,2,0.0,446,-754,310,4824.5,14.3,New South Wales,NSW,,
17850,Walcha,2997,2989,-8,-0.3,-5,-7,4,6261.0,0.5,New South Wales,NSW,,
17900,Walgett,5517,5437,-80,-1.5,23,-112,9,22308.3,0.2,New South Wales,NSW,,
17950,Warren,2589,2606,17,0.7,16,-7,8,10753.8,0.2,New South Wales,NSW,,
18020,Warrumbungle,9275,9246,-29,-0.3,-50,1,20,12372.1,0.7,New South Wales,NSW,,
18050,Waverley,72941,73345,404,0.6,505,-1479,1378,9.4,7843.9,New South Wales,NSW,,
18100,Weddin,3600,3558,-42,-1.2,-13,-43,14,3414.9,1.0,New South Wales,NSW,,
18200,Wentworth,7902,7982,80,1.0,49,9,22,26255.9,0.3,New South Wales,NSW,,
18250,Willoughby,79711,80520,809,1.0,225,-972,1556,22.4,3590.5,New South Wales,NSW,,
18350,Wingecarribee,53510,53840,330,0.6,-66,155,241,2689.3,20.0,New South Wales,NSW,,
18400,Wollondilly,59759,62080,2321,3.9,555,1616,150,2555.4,24.3,New South Wales,NSW,150.42,-34.18
18450,Wollongong,222204,224327,2123,1.0,562,-112,1673,684.3,327.8,New South Wales,NSW,,
18500,Woollahra,55202,55218,16,0.0,135,-956,837,12.3,4504.5,New South Wales,NSW,,
18710,Yass Valley,17555,17663,108,0.6,40,14,54,3995.0,4.4,New South Wales,NSW,,
19399,Unincorporated NSW,987,975,-12,-1.2,-3,-10,1,93208.9,0.0,New South Wales,NSW,,
20110,Alpine,13115,13236,121,0.9,24,48,49,4788.2,2.8,Victoria,VIC,,
20260,Ararat,11625,11732,107,0.9,-34,78,63,4211.1,2.8,Victoria,VIC,,
20570,Ballarat,120559,122661,2102,1.7,568,1047,487,739.0,166.0,Victoria,VIC,,
20660,Banyule,131460,132770,1310,1.0,440,-515,1385,62.5,2123.0,Victoria,VIC,,
20740,Bass Coast,43468,44377,909,2.1,-15,812,112,865.8,51.3,Victoria,VIC,,
20830,Baw Baw,61793,62784,991,1.6,350,514,127,4027.6,15.6,Victoria,VIC,145.96,-38.1
20910,Bayside (Vic.),105833,107164,1331,1.3,-65,214,1182,37.2,2879.9,Victoria,VIC,,
21010,Benalla,14552,14581,29,0.2,-42,54,17,2352.6,6.2,Victoria,VIC,,
21110,Boroondara,177345,178601,1256,0.7,60,-1510,2706,60.2,2967.9,Victoria,VIC,,
21180,Brimbank,197498,198181,683,0.3,1086,-3534,3131,123.4,1606.0,Victoria,VIC,,
21270,Buloke,5921,5887,-34,-0.6,-24,-23,13,7998.2,0.7,Victoria,VIC,,
21370,Campaspe,37984,37954,-30,-0.1,-33,-79,82,4519.1,8.4,Victoria,VIC,,
21450,Cardinia,130091,133472,3381,2.6,1446,1205,730,1282.6,104.1,Victoria,VIC,145.62,-38.2
21610,Casey,404208,414929,10721,2.7,4514,1825,4382,409.4,1013.4,Victoria,VIC,145.42,-38.05
21670,Central Goldfields,13682,13753,71,0.5,-106,157,20,1532.8,9.0,Victoria,VIC,,
21750,Colac Otway,22208,22209,1,0.0,12,-91,80,3437.5,6.5,Victoria,VIC,,
21830,Corangamite,15759,15712,-47,-0.3,12,-90,31,4407.5,3.6,Victoria,VIC,,
21890,Darebin,159249,162496,3247,2.0,615,-452,3084,53.5,3038.9,Victoria,VIC,,
22110,East Gippsland,49183,49669,486,1.0,-136,535,87,20939.5,2.4,Victoria,VIC,,
22170,Frankston,144291,145369,1078,0.7,780,-633,931,129.6,1121.7,Victoria,VIC,145.13,-38.15
22250,Gannawarra,10338,10311,-27,-0.3,-12,-16,1,3737.6,2.8,Victoria,VIC,,
22310,Glen Eira,160534,163025,2491,1.6,623,-1008,2876,38.7,4213.5,Victoria,VIC,,
22410,Glenelg,19908,19908,0,0.0,-7,-28,35,6218.8,3.2,Victoria,VIC,,
22490,Golden Plains,26217,26620,403,1.5,162,211,30,2703.4,9.8,Victoria,VIC,,
22620,Greater Bendigo,125293,126568,1275,1.0,450,423,402,3000.0,42.2,Victoria,VIC,,
22670,Greater Dandenong,166747,168684,1937,1.2,1017,-3012,3932,129.5,1302.1,Victoria,VIC,145.21,-37.99
22750,Greater Geelong,288676,295052,6376,2.2,1571,3281,1524,1248.0,236.4,Victoria,VIC,144.35,-38.15
22830,Greater Shepparton,69444,69865,421,0.6,349,-425,497,2421.9,28.8,Victoria,VIC,,
22910,Hepburn,16817,17011,194,1.2,-49,195,48,1473.0,11.5,Victoria,VIC,,
22980,Hindmarsh,5438,5447,9,0.2,-28,23,14,7524.2,0.7,Victoria,VIC,,
23110,Hobsons Bay,95324,97031,1707,1.8,495,86,1126,64.2,1510.4,Victoria,VIC,,
23190,Horsham,20267,20252,-15,-0.1,85,-153,53,4266.8,4.7,Victoria,VIC,,
23270,Hume,270763,278885,8122,3.0,3225,1527,3370,503.8,553.5,Victoria,VIC,144.92,-37.57
23350,Indigo,17618,17758,140,0.8,43,73,24,2040.5,8.7,Victoria,VIC,,
23430,Kingston (Vic.),166071,168061,1990,1.2,532,-797,2255,91.4,1839.4,Victoria,VIC,,
23670,Knox,162956,163820,864,0.5,471,-1119,1512,113.9,1438.1,Victoria,VIC,,
23810,Latrobe (Vic.),78474,79112,638,0.8,228,188,222,1425.6,55.5,Victoria,VIC,,
23940,Loddon,7721,7718,-3,0.0,-28,10,15,6696.4,1.2,Victoria,VIC,,
24130,Macedon Ranges,53585,54464,879,1.6,167,518,194,1748.3,31.2,Victoria,VIC,144.52,-37.38
24210,Manningham,131363,132912,1549,1.2,-60,-640,2249,113.3,1172.6,Victoria,VIC,,
24250,Mansfield,10770,10979,209,1.9,-2,158,53,3843.9,2.9,Victoria,VIC,,
24330,Maribyrnong,93723,94672,949,1.0,637,-1673,1985,31.2,3031.9,Victoria,VIC,,
24410,Maroondah,119072,120247,1175,1.0,462,-462,1175,61.4,1958.1,Victoria,VIC,,
24600,Melbourne,187565,194481,6916,3.7,552,-2283,8647,37.5,5179.9,Victoria,VIC,144.96,-37.81
24650,Melton,218894,231567,12673,5.8,3585,7441,1647,527.5,439.0,Victoria,VIC,144.58,-37.68
24700,Merri-bek,185486,189108,3622,2.0,1267,-1067,3422,51.0,3711.5,Victoria,VIC,,
24780,Mildura,57134,57309,175,0.3,229,-383,329,22081.9,2.6,Victoria,VIC,,
24850,Mitchell,56079,58459,2380,4.2,628,1534,218,2862.1,20.4,Victoria,VIC,145.0,-37.25
24900,Moira,30641,30866,225,0.7,-32,181,76,4045.9,7.6,Victoria,VIC,,
24970,Monash,208598,211833,3235,1.6,122,-2976,6089,81.5,2599.7,Victoria,VIC,,
25060,Moonee Valley,129224,130501,1277,1.0,356,-916,1837,43.1,3025.2,Victoria,VIC,,
25150,Moorabool,39709,40472,763,1.9,297,358,108,2110.6,19.2,Victoria,VIC,144.28,-37.65
25340,Mornington Peninsula,170857,172217,1360,0.8,-304,776,888,724.0,237.9,Victoria,VIC,145.08,-38.38
25430,Mount Alexander,20717,20939,222,1.1,-60,222,60,1529.6,13.7,Victoria,VIC,,
25490,Moyne,17666,17760,94,0.5,50,-7,51,5481.7,3.2,Victoria,VIC,,
25620,Murrindindi,15550,15648,98,0.6,7,61,30,3879.8,4.0,Victoria,VIC,,
25710,Nillumbik,63528,63797,269,0.4,223,-292,338,432.3,147.6,Victoria,VIC,,
25810,Northern Grampians,11724,11804,80,0.7,0,42,38,5729.9,2.1,Victoria,VIC,,
25900,Port Phillip,112244,114434,2190,2.0,472,-759,2477,20.6,5551.2,Victoria,VIC,,
25990,Pyrenees,7926,7957,31,0.4,-17,38,10,3434.6,2.3,Victoria,VIC,,
26080,Queenscliffe,3283,3317,34,1.0,-13,37,10,8.6,385.0,Victoria,VIC,,
26170,South Gippsland,30937,31109,172,0.6,-45,148,69,3296.3,9.4,Victoria,VIC,,
26260,Southern Grampians,16450,16483,33,0.2,-18,3,48,6654.0,2.5,Victoria,VIC,,
26350,Stonnington,113360,114789,1429,1.3,261,-1096,2264,25.7,4475.0,Victoria,VIC,,
26430,Strathbogie,11695,11839,144,1.2,-19,132,31,3303.3,3.6,Victoria,VIC,,
26490,Surf Coast,39834,40265,431,1.1,123,146,162,1552.9,25.9,Victoria,VIC,,
26610,Swan Hill,20931,20962,31,0.1,132,-249,148,6115.5,3.4,Victoria,VIC,,
26670,Towong,6143,6158,15,0.2,-25,23,17,6675.2,0.9,Victoria,VIC,,
26700,Wangaratta,30038,30089,51,0.2,-13,-5,69,3645.1,8.3,Victoria,VIC,,
26730,Warrnambool,35898,36255,357,1.0,78,68,211,120.9,299.8,Victoria,VIC,,
26810,Wellington,46277,46551,274,0.6,23,104,147,10817.4,4.3,Victoria,VIC,,
26890,West Wimmera,3903,3915,12,0.3,0,7,5,9108.7,0.4,Victoria,VIC,,
26980,Whitehorse,182809,185256,2447,1.3,162,-1811,4096,64.3,2882.0,Victoria,VIC,,
27070,Whittlesea,252438,259759,7321,2.9,2242,2002,3077,489.7,530.5,Victoria,VIC,145.08,-37.58
27170,Wodonga,44203,44717,514,1.2,270,68,176,433.0,103.3,Victoria,VIC,,
27260,Wyndham,335320,347830,12510,3.7,4780,2379,5351,542.1,641.6,Victoria,VIC,144.62,-37.9
27350,Yarra,99922,101356,1434,1.4,554,-1121,2001,19.5,5186.5,Victoria,VIC,,
27450,Yarra Ranges,159779,160906,1127,0.7,894,-480,713,2468.2,65.2,Victoria,VIC,145.62,-37.73
27630,Yarriambiack,6311,6295,-16,-0.3,-25,2,7,7325.8,0.9,Victoria,VIC,,
29399,Unincorporated Vic,945,917,-28,-3.0,-3,-26,1,283.2,3.2,Victoria,VIC,,
30250,Aurukun,1158,1165,7,0.6,17,-10,0,7424.0,0.2,Queensland,QLD,,
30300,Balonne,4345,4350,5,0.1,21,-20,4,31104.1,0.1,Queensland,QLD,,
30370,Banana,15040,15144,104,0.7,88,-45,61,28550.2,0.5,Queensland,QLD,,
30410,Barcaldine,2910,2937,27,0.9,23,-3,7,53382.7,0.1,Queensland,QLD,,
30450,Barcoo,315,321,6,1.9,6,-1,1,61830.2,0.0,Queensland,QLD,,
30760,Blackall Tambo,1962,1975,13,0.7,-1,9,5,30537.2,0.1,Queensland,QLD,,
30900,Boulia,481,489,8,1.7,5,1,2,60906.5,0.0,Queensland,QLD,,
31000,Brisbane,1353837,1375301,21464,1.6,4983,-7203,23684,1342.7,1024.3,Queensland,QLD,,
31750,Bulloo,345,347,2,0.6,5,-3,0,73722.0,0.0,Queensland,QLD,,
31820,Bundaberg,105895,107297,1402,1.3,-153,905,650,6431.1,16.7,Queensland,QLD,,
31900,Burdekin,17134,17220,86,0.5,14,-31,103,5043.9,3.4,Queensland,QLD,,
31950,Burke,444,449,5,1.1,1,3,1,39681.2,0.0,Queensland,QLD,,
32080,Cairns,177573,179334,1761,1.0,643,-741,1859,1689.3,106.2,Queensland,QLD,,
32250,Carpentaria,2220,2247,27,1.2,15,10,2,64121.0,0.0,Queensland,QLD,,
32260,Cassowary Coast,30365,30666,301,1.0,-15,85,231,4687.8,6.5,Queensland,QLD,,
32270,Central Highlands (Qld),29301,29481,180,0.6,297,-237,120,59834.8,0.5,Queensland,QLD,,
32310,Charters Towers,12030,12088,58,0.5,4,25,29,68382.2,0.2,Queensland,QLD,,
32330,Cherbourg,1274,1289,15,1.2,23,-8,0,31.6,40.8,Queensland,QLD,,
32450,Cloncurry,3882,3907,25,0.6,29,-13,9,47971.3,0.1,Queensland,QLD,,
32500,Cook,4825,4876,51,1.1,14,-5,42,105717.8,0.0,Queensland,QLD,,
32600,Croydon,270,273,3,1.1,4,-2,1,29497.9,0.0,Queensland,QLD,,
32750,Diamantina,264,265,1,0.4,0,0,1,94722.4,0.0,Queensland,QLD,,
32770,Doomadgee,1471,1484,13,0.9,22,-9,0,1827.7,0.8,Queensland,QLD,,
32810,Douglas,13038,13169,131,1.0,-4,-36,171,2427.9,5.4,Queensland,QLD,,
33100,Etheridge,721,727,6,0.8,5,0,1,39199.3,0.0,Queensland,QLD,,
33200,Flinders (Qld),1539,1545,6,0.4,8,-5,3,41199.9,0.0,Queensland,QLD,,
33220,Fraser Coast,120351,122924,2573,2.1,-562,2690,445,7104.6,17.3,Queensland,QLD,,
33360,Gladstone,67949,69046,1097,1.6,350,432,315,10484.3,6.6,Queensland,QLD,,
33430,Gold Coast,679286,691230,11944,1.8,2300,658,8986,1333.4,518.4,Queensland,QLD,153.4,-28.0
33610,Goondiwindi,10457,10438,-19,-0.2,39,-97,39,19265.7,0.5,Queensland,QLD,,
33620,Gympie,57317,58487,1170,2.0,-5,1015,160,6884.0,8.5,Queensland,QLD,,
33800,Hinchinbrook,11130,11194,64,0.6,-41,86,19,2807.2,4.0,Queensland,QLD,,
33830,Hope Vale,1057,1073,16,1.5,20,-3,-1,1111.7,1.0,Queensland,QLD,,
33960,Ipswich,259134,268272,9138,3.5,2520,4893,1725,1093.9,245.3,Queensland,QLD,152.77,-27.61
33980,Isaac,23159,23186,27,0.1,235,-301,93,58707.9,0.4,Queensland,QLD,,
34420,Kowanyama,1147,1155,8,0.7,13,-4,-1,2555.3,0.5,Queensland,QLD,,
34530,Livingstone,42774,43668,894,2.1,45,748,101,11757.9,3.7,Queensland,QLD,,
34570,Lockhart River,686,702,16,2.3,22,-5,-1,3576.7,0.2,Queensland,QLD,,
34580,Lockyer Valley,44983,46058,1075,2.4,138,535,402,2269.0,20.3,Queensland,QLD,152.34,-27.57
34590,Logan,391566,403515,11949,3.1,3532,5105,3312,958.1,421.1,Queensland,QLD,153.11,-27.72
34710,Longreach,3745,3741,-4,-0.1,11,-29,14,40572.2,0.1,Queensland,QLD,,
34770,Mackay,128139,129253,1114,0.9,607,25,482,7613.3,17.0,Queensland,QLD,,
34800,McKinlay,849,850,1,0.1,4,-5,2,40736.8,0.0,Queensland,QLD,,
34830,Mapoon,486,494,8,1.6,3,5,0,537.2,0.9,Queensland,QLD,,
34860,Maranoa,13336,13370,34,0.3,90,-80,24,58719.3,0.2,Queensland,QLD,,
34880,Mareeba,23940,24205,265,1.1,18,97,150,53491.1,0.5,Queensland,QLD,,
35010,Moreton Bay,521494,532445,10951,2.1,1934,5195,3822,2041.5,260.8,Queensland,QLD,152.97,-27.04
35250,Mornington,1087,1099,12,1.1,30,-18,0,1247.7,0.9,Queensland,QLD,,
35300,Mount Isa,18725,18585,-140,-0.7,244,-547,163,43715.2,0.4,Queensland,QLD,,
35600,Murweh,3988,4004,16,0.4,25,-22,13,40699.8,0.1,Queensland,QLD,,
35670,Napranum,941,952,11,1.2,19,-9,1,2004.3,0.5,Queensland,QLD,,
35740,Noosa,59015,59551,536,0.9,-167,136,567,869.9,68.5,Queensland,QLD,,
35760,North Burnett,10449,10562,113,1.1,-25,50,88,19669.8,0.5,Queensland,QLD,,
35780,Northern Peninsula Area,2925,2944,19,0.6,81,-60,-2,1052.1,2.8,Queensland,QLD,,
35790,Palm Island,2282,2335,53,2.3,51,2,0,72.0,32.4,Queensland,QLD,,
35800,Paroo,1722,1724,2,0.1,7,-5,0,47614.9,0.0,Queensland,QLD,,
36070,Pormpuraaw,645,650,5,0.8,13,-8,0,4395.4,0.1,Queensland,QLD,,
36150,Quilpie,714,720,6,0.8,12,-6,0,67414.7,0.0,Queensland,QLD,,
36250,Redland,169940,172831,2891,1.7,171,1600,1120,537.2,321.7,Queensland,QLD,,
36300,Richmond,785,788,3,0.4,3,-2,2,26580.7,0.0,Queensland,QLD,,
36370,Rockhampton,85170,85794,624,0.7,296,2,326,6570.3,13.1,Queensland,QLD,,
36510,Scenic Rim,45944,46947,1003,2.2,0,818,185,4243.0,11.1,Queensland,QLD,152.8,-27.99
36580,Somerset,26516,26936,420,1.6,44,281,95,5373.4,5.0,Queensland,QLD,152.58,-27.1
36630,South Burnett,34683,35111,428,1.2,-63,394,97,8381.6,4.2,Queensland,QLD,,
36660,Southern Downs,37736,38064,328,0.9,-40,259,109,7106.4,5.4,Queensland,QLD,,
36720,Sunshine Coast,374298,381957,7659,2.0,580,4159,2920,2253.9,169.5,Queensland,QLD,152.97,-26.65
36820,Tablelands,27575,27902,327,1.2,-74,273,128,11292.9,2.5,Queensland,QLD,,
36910,Toowoomba,184075,186276,2201,1.2,620,564,1017,12957.2,14.4,Queensland,QLD,151.95,-27.56
36950,Torres,3485,3490,5,0.1,52,-49,2,883.7,3.9,Queensland,QLD,,
36960,Torres Strait Island,4278,4298,20,0.5,86,-66,0,490.0,8.8,Queensland,QLD,,
37010,Townsville,203972,206260,2288,1.1,890,173,1225,3730.8,55.3,Queensland,QLD,,
37300,Weipa,4268,4297,29,0.7,69,-50,10,10.5,410.6,Queensland,QLD,,
37310,Western Downs,35237,35452,215,0.6,185,-62,92,37922.5,0.9,Queensland,QLD,,
37340,Whitsunday,40639,41374,735,1.8,98,201,436,23819.0,1.7,Queensland,QLD,,
37400,Winton,1138,1152,14,1.2,13,-3,4,53813.5,0.0,Queensland,QLD,,
37550,Woorabinda,1083,1087,4,0.4,10,-6,0,390.6,2.8,Queensland,QLD,,
37570,Wujal Wujal,297,301,4,1.3,7,-3,0,11.8,25.4,Queensland,QLD,,
37600,Yarrabah,2654,2669,15,0.6,42,-27,0,158.8,16.8,Queensland,QLD,,
40070,Adelaide,29246,30173,927,3.2,5,-360,1282,15.6,1937.5,South Australia,SA,,
40120,Adelaide Hills,42448,42875,427,1.0,121,86,220,794.5,54.0,South Australia,SA,,
40150,Adelaide Plains,11307,11736,429,3.8,92,322,15,932.5,12.6,South Australia,SA,138.55,-34.65
40220,Alexandrina,30946,31427,481,1.6,-146,546,81,1826.8,17.2,South Australia,SA,138.95,-35.33
40250,Anangu Pitjantjatjara Yankunytjatjara,2653,2668,15,0.6,5,8,2,102348.1,0.0,South Australia,SA,,
40310,Barossa,26631,26817,186,0.7,-29,135,80,893.5,30.0,South Australia,SA,,
40430,Barunga West,2683,2688,5,0.2,-36,36,5,1590.4,1.7,South Australia,SA,,
40520,Berri Barmera,10773,10758,-15,-0.1,-24,-35,44,476.2,22.6,South Australia,SA,,
40700,Burnside,47928,48257,329,0.7,-41,-378,748,27.5,1753.6,South Australia,SA,,
40910,Campbelltown (SA),58097,58826,729,1.3,103,-247,873,24.3,2416.0,South Australia,SA,,
41010,Ceduna,3754,3757,3,0.1,18,-23,8,5420.3,0.7,South Australia,SA,,
41060,Charles Sturt,129441,130841,1400,1.1,201,-393,1592,54.8,2388.1,South Australia,SA,,
41140,Clare and Gilbert Valleys,9446,9467,21,0.2,-8,5,24,1892.4,5.0,South Australia,SA,,
41190,Cleve,1761,1771,10,0.6,5,2,3,5018.8,0.4,South Australia,SA,,
41330,Coober Pedy,1542,1526,-16,-1.0,-4,-19,7,77.7,19.6,South Australia,SA,,
41560,Copper Coast,16336,16601,265,1.6,-61,304,22,772.9,21.5,South Australia,SA,,
41750,Elliston,1054,1057,3,0.3,1,-1,3,6741.9,0.2,South Australia,SA,,
41830,Flinders Ranges,1678,1662,-16,-1.0,-6,-13,3,4070.5,0.4,South Australia,SA,,
41960,Franklin Harbour,1359,1367,8,0.6,-2,9,1,2755.6,0.5,South Australia,SA,,
42030,Gawler,27208,27564,356,1.3,-27,290,93,41.1,670.0,South Australia,SA,,
42110,Goyder,4145,4141,-4,-0.1,-20,12,4,6715.1,0.6,South Australia,SA,,
42250,Grant,9166,9223,57,0.6,14,21,22,1897.8,4.9,South Australia,SA,,
42600,Holdfast Bay,39351,39683,332,0.8,-152,-155,639,13.8,2885.6,South Australia,SA,,
42750,Kangaroo Island,5172,5212,40,0.8,-1,22,19,4400.9,1.2,South Australia,SA,,
43080,Karoonda East Murray,1030,1026,-4,-0.4,-8,-2,6,4415.8,0.2,South Australia,SA,,
43220,Kimba,1067,1064,-3,-0.3,3,-8,2,5697.1,0.2,South Australia,SA,,
43360,Kingston (SA),2417,2420,3,0.1,-4,4,3,3339.8,0.7,South Australia,SA,,
43650,Light,17053,17317,264,1.5,41,184,39,1276.8,13.6,South Australia,SA,,
43710,Lower Eyre,6226,6268,42,0.7,6,24,12,4721.4,1.3,South Australia,SA,,
43790,Loxton Waikerie,11980,11971,-9,-0.1,-54,10,35,7763.9,1.5,South Australia,SA,,
44000,Maralinga Tjarutja,102,102,0,0.0,0,0,0,105766.3,0.0,South Australia,SA,,
44060,Marion,100009,101229,1220,1.2,195,-445,1470,55.6,1819.3,South Australia,SA,138.57,-35.02
44210,Mid Murray,9600,9674,74,0.8,-34,86,22,6271.6,1.5,South Australia,SA,,
44340,Mitcham,70585,71267,682,1.0,18,-220,884,75.5,943.3,South Australia,SA,,
44550,Mount Barker,43711,45111,1400,3.2,245,963,192,594.6,75.9,South Australia,SA,138.86,-35.07
44620,Mount Gambier,28016,28057,41,0.1,-25,-16,82,33.9,827.8,South Australia,SA,,
44830,Mount Remarkable,2871,2861,-10,-0.3,-17,4,3,3422.8,0.8,South Australia,SA,,
45040,Murray Bridge,23322,23539,217,0.9,-29,60,186,1831.8,12.9,South Australia,SA,,
45090,Naracoorte Lucindale,8949,8930,-19,-0.2,20,-107,68,4519.7,2.0,South Australia,SA,,
45120,Northern Areas,4680,4688,8,0.2,-13,21,0,2986.2,1.6,South Australia,SA,,
45290,Norwood Payneham and St Peters,40184,40845,661,1.6,18,-210,853,15.1,2704.3,South Australia,SA,,
45340,Onkaparinga,183239,184827,1588,0.9,283,422,883,518.1,356.7,South Australia,SA,138.57,-35.19
45400,Orroroo Carrieton,891,884,-7,-0.8,0,-8,1,3321.8,0.3,South Australia,SA,,
45540,Peterborough,1694,1701,7,0.4,-16,21,2,3020.1,0.6,South Australia,SA,,
45680,Playford,111433,115790,4357,3.9,897,2821,639,345.2,335.4,South Australia,SA,138.7,-34.68
45890,Port Adelaide Enfield,141372,143022,1650,1.2,547,-1059,2162,91.8,1558.7,South Australia,SA,138.54,-34.84
46090,Port Augusta,14458,14469,11,0.1,54,-99,56,1158.0,12.5,South Australia,SA,,
46300,Port Lincoln,15067,15065,-2,0.0,13,-47,32,30.4,496.1,South Australia,SA,,
46450,Port Pirie,17672,17664,-8,0.0,-33,-7,32,1760.7,10.0,South Australia,SA,,
46510,Prospect,23342,23459,117,0.5,66,-310,361,7.8,3010.8,South Australia,SA,,
46670,Renmark Paringa,10213,10274,61,0.6,19,-51,93,916.4,11.2,South Australia,SA,,
46860,Robe,1620,1621,1,0.1,12,-13,2,1091.7,1.5,South Australia,SA,,
46970,Roxby Downs,4099,4089,-10,-0.2,69,-108,29,110.5,37.0,South Australia,SA,,
47140,Salisbury,150637,151019,382,0.3,603,-2031,1810,159.8,944.8,South Australia,SA,138.65,-34.75
47290,Southern Mallee,2018,2013,-5,-0.2,10,-29,14,5702.2,0.4,South Australia,SA,,
47490,Streaky Bay,2280,2292,12,0.5,0,8,4,6222.9,0.4,South Australia,SA,,
47630,Tatiara,7098,7088,-10,-0.1,10,-51,31,6527.2,1.1,South Australia,SA,,
47700,Tea Tree Gully,104590,105120,530,0.5,195,-392,727,95.2,1104.1,South Australia,SA,138.72,-34.85
47800,Coorong,5633,5627,-6,-0.1,2,-18,10,8833.4,0.6,South Australia,SA,,
47910,Tumby Bay,2955,2963,8,0.3,-16,19,5,2669.1,1.1,South Australia,SA,,
47980,Unley,40436,40731,295,0.7,-196,-270,761,14.3,2854.2,South Australia,SA,,
48050,Victor Harbor,17154,17457,303,1.8,-112,378,37,384.6,45.4,South Australia,SA,,
48130,Wakefield,6996,6993,-3,0.0,-4,-12,13,3468.5,2.0,South Australia,SA,,
48260,Walkerville,8593,8673,80,0.9,-17,-59,156,3.5,2456.9,South Australia,SA,,
48340,Wattle Range,12367,12378,11,0.1,-25,16,20,3926.2,3.2,South Australia,SA,,
48410,West Torrens,65934,66547,613,0.9,64,-894,1443,37.1,1794.3,South Australia,SA,,
48540,Whyalla,21875,21720,-155,-0.7,20,-237,62,1071.3,20.3,South Australia,SA,,
48640,Wudinna,1169,1171,2,0.2,5,-6,3,5075.3,0.2,South Australia,SA,,
48750,Yankalilla,6211,6299,88,1.4,-25,101,12,751.3,8.4,South Australia,SA,,
48830,Yorke Peninsula,12161,12242,81,0.7,-76,148,9,5899.6,2.1,South Australia,SA,,
49399,Unincorporated SA,3030,3001,-29,-1.0,8,-50,13,619426.1,0.0,South Australia,SA,,
50080,Albany,41714,42308,594,1.4,1,399,194,4308.5,9.8,Western Australia,WA,,
50210,Armadale,109625,113003,3378,3.1,1082,1154,1142,559.5,202.0,Western Australia,WA,116.02,-32.15
50250,Ashburton,8234,8335,101,1.2,116,-126,111,100817.3,0.1,Western Australia,WA,,
50280,Augusta Margaret River,19488,20170,682,3.5,75,425,182,2122.4,9.5,Western Australia,WA,115.07,-34.07
50350,Bassendean,17199,17413,214,1.2,56,-12,170,10.3,1683.2,Western Australia,WA,,
50420,Bayswater,76271,77383,1112,1.5,416,-700,1396,34.6,2235.4,Western Australia,WA,,
50490,Belmont,47634,48221,587,1.2,232,-812,1167,39.8,1210.8,Western Australia,WA,115.93,-31.96
50560,Beverley,1804,1815,11,0.6,-1,11,1,2370.5,0.8,Western Australia,WA,,
50630,Boddington,1809,1840,31,1.7,15,8,8,1904.5,1.0,Western Australia,WA,,
50770,Boyup Brook,1966,2000,34,1.7,-2,31,5,2826.5,0.7,Western Australia,WA,,
50840,Bridgetown-Greenbushes,5812,5931,119,2.0,16,90,13,1337.4,4.4,Western Australia,WA,,
50910,Brookton,964,972,8,0.8,-8,13,3,1601.2,0.6,Western Australia,WA,,
50980,Broome,19001,19193,192,1.0,188,-206,210,54401.8,0.4,Western Australia,WA,,
51080,Broomehill-Tambellup,1105,1117,12,1.1,7,0,5,2609.7,0.4,Western Australia,WA,,
51120,Bruce Rock,1067,1073,6,0.6,4,-8,10,2724.7,0.4,Western Australia,WA,,
51190,Bunbury,35349,35730,381,1.1,16,56,309,65.4,546.2,Western Australia,WA,,
51260,Busselton,45189,46184,995,2.2,70,657,268,1454.1,31.8,Western Australia,WA,,
51310,Cambridge,32139,32684,545,1.7,0,-61,606,22.0,1488.6,Western Australia,WA,,
51330,Canning,107400,109028,1628,1.5,513,-1995,3110,64.9,1680.5,Western Australia,WA,115.93,-32.02
51400,Capel,19753,20171,418,2.1,129,167,122,557.9,36.2,Western Australia,WA,,
51470,Carnamah,586,598,12,2.0,7,3,2,2870.9,0.2,Western Australia,WA,,
51540,Carnarvon,5622,5655,33,0.6,12,-24,45,46574.7,0.1,Western Australia,WA,,
51610,Chapman Valley,1702,1725,23,1.4,8,10,5,3981.3,0.4,Western Australia,WA,,
51680,Chittering,6778,7039,261,3.9,40,209,12,1219.9,5.8,Western Australia,WA,116.1,-31.25
51750,Claremont,12748,13091,343,2.7,-64,157,250,5.0,2641.8,Western Australia,WA,,
51820,Cockburn,135690,139499,3809,2.8,928,1139,1742,167.9,830.6,Western Australia,WA,115.85,-32.13
51890,Collie,9440,9561,121,1.3,-5,98,28,1709.8,5.6,Western Australia,WA,,
51960,Coolgardie,3829,3878,49,1.3,30,-11,30,30297.7,0.1,Western Australia,WA,,
52030,Coorow,1130,1149,19,1.7,-2,16,5,4189.9,0.3,Western Australia,WA,,
52100,Corrigin,1043,1052,9,0.9,-4,10,3,2681.3,0.4,Western Australia,WA,,
52170,Cottesloe,9021,9201,180,2.0,-7,26,161,3.9,2385.9,Western Australia,WA,,
52240,Cranbrook,1157,1167,10,0.9,1,4,5,3276.0,0.4,Western Australia,WA,,
52310,Cuballing,959,969,10,1.0,-3,11,2,1195.3,0.8,Western Australia,WA,,
52380,Cue,234,234,0,0.0,-3,2,1,13582.2,0.0,Western Australia,WA,,
52450,Cunderdin,1319,1299,-20,-1.5,-1,-25,6,1862.4,0.7,Western Australia,WA,,
52520,Dalwallinu,1469,1455,-14,-1.0,9,-32,9,7224.4,0.2,Western Australia,WA,,
52590,Dandaragan,3935,4089,154,3.9,5,103,46,6711.6,0.6,Western Australia,WA,115.7,-30.78
52660,Dardanup,16005,16280,275,1.7,19,153,103,525.8,31.0,Western Australia,WA,,
52730,Denmark,6734,6858,124,1.8,-2,112,14,1859.8,3.7,Western Australia,WA,,
52800,Derby-West Kimberley,8570,8683,113,1.3,52,18,43,119731.0,0.1,Western Australia,WA,,
52870,Donnybrook-Balingup,6608,6698,90,1.4,15,46,29,1559.9,4.3,Western Australia,WA,,
52940,Dowerin,739,745,6,0.8,3,1,2,1863.1,0.4,Western Australia,WA,,
53010,Dumbleyung,706,715,9,1.3,6,0,3,2539.2,0.3,Western Australia,WA,,
53080,Dundas,738,735,-3,-0.4,-8,-1,6,92886.4,0.0,Western Australia,WA,,
53150,East Fremantle,8404,8426,22,0.3,-11,-88,121,3.1,2684.8,Western Australia,WA,,
53220,East Pilbara,10525,10663,138,1.3,78,-14,74,372295.7,0.0,Western Australia,WA,,
53290,Esperance,14618,14663,45,0.3,58,-60,47,44797.5,0.3,Western Australia,WA,,
53360,Exmouth,3592,3670,78,2.2,28,19,31,6488.2,0.6,Western Australia,WA,,
53430,Fremantle,36579,37542,963,2.6,54,289,620,19.3,1946.3,Western Australia,WA,,
53570,Gingin,6364,6585,221,3.5,-13,159,75,3208.4,2.1,Western Australia,WA,115.9,-31.35
53640,Gnowangerup,1278,1295,17,1.3,16,-6,7,4265.0,0.3,Western Australia,WA,,
53710,Goomalling,994,1002,8,0.8,-7,13,2,1835.4,0.5,Western Australia,WA,,
53780,Gosnells,141775,144475,2700,1.9,906,-767,2561,127.3,1134.9,Western Australia,WA,,
53800,Greater Geraldton,42505,42882,377,0.9,115,87,175,9909.0,4.3,Western Australia,WA,,
53920,Halls Creek,4235,4245,10,0.2,45,-49,14,133046.0,0.0,Western Australia,WA,,
53990,Harvey,31613,32208,595,1.9,148,294,153,1727.6,18.6,Western Australia,WA,,
54060,Irwin,3881,3899,18,0.5,-25,37,6,2369.3,1.6,Western Australia,WA,,
54130,Jerramungup,1220,1248,28,2.3,10,11,7,6511.2,0.2,Western Australia,WA,,
54170,Joondalup,174154,176595,2441,1.4,683,-641,2399,98.9,1784.8,Western Australia,WA,115.77,-31.74
54200,Kalamunda,64040,65007,967,1.5,224,139,604,324.3,200.5,Western Australia,WA,116.07,-31.97
54280,Kalgoorlie-Boulder,31195,31268,73,0.2,270,-593,396,95500.3,0.3,Western Australia,WA,,
54310,Karratha,24878,25429,551,2.2,345,-74,280,15238.3,1.7,Western Australia,WA,,
54340,Katanning,4319,4345,26,0.6,32,-34,28,1518.2,2.9,Western Australia,WA,,
54410,Kellerberrin,1162,1146,-16,-1.4,-4,-17,5,1915.4,0.6,Western Australia,WA,,
54480,Kent,529,539,10,1.9,7,1,2,5624.6,0.1,Western Australia,WA,,
54550,Kojonup,1974,1985,11,0.6,-5,7,9,2931.0,0.7,Western Australia,WA,,
54620,Kondinin,865,874,9,1.0,6,-1,4,7440.8,0.1,Western Australia,WA,,
54690,Koorda,373,377,4,1.1,-3,6,1,2832.3,0.1,Western Australia,WA,,
54760,Kulin,800,805,5,0.6,1,0,4,4718.9,0.2,Western Australia,WA,,
54830,Kwinana,54906,57422,2516,4.6,573,1337,606,120.0,478.5,Western Australia,WA,115.77,-32.24
54900,Lake Grace,1325,1337,12,0.9,5,2,5,11886.3,0.1,Western Australia,WA,,
54970,Laverton,1451,1441,-10,-0.7,2,-19,7,179994.0,0.0,Western Australia,WA,,
55040,Leonora,1745,1724,-21,-1.2,13,-43,9,31915.1,0.1,Western Australia,WA,,
55110,Mandurah,103346,106827,3481,3.4,82,2456,943,174.9,610.8,Western Australia,WA,115.72,-32.53
55180,Manjimup,9536,9621,85,0.9,-4,38,51,7029.6,1.4,Western Australia,WA,,
55250,Meekatharra,1292,1292,0,0.0,7,-13,6,100188.5,0.0,Western Australia,WA,,
55320,Melville,113872,115945,2073,1.8,117,144,1812,52.9,2193.8,Western Australia,WA,,
55390,Menzies,581,578,-3,-0.5,0,-5,2,124115.4,0.0,Western Australia,WA,,
55460,Merredin,3347,3365,18,0.5,16,-27,29,3293.8,1.0,Western Australia,WA,,
55530,Mingenew,422,428,6,1.4,0,5,1,1934.9,0.2,Western Australia,WA,,
55600,Moora,2441,2421,-20,-0.8,13,-48,15,3763.0,0.6,Western Australia,WA,,
55670,Morawa,690,703,13,1.9,6,5,2,3510.6,0.2,Western Australia,WA,,
55740,Mosman Park,10338,10482,144,1.4,3,-63,204,4.3,2411.2,Western Australia,WA,,
55810,Mount Magnet,698,706,8,1.1,-2,6,4,13858.1,0.1,Western Australia,WA,,
55880,Mount Marshall,467,469,2,0.4,6,-6,2,10184.6,0.0,Western Australia,WA,,
55950,Mukinbudin,601,594,-7,-1.2,3,-13,3,3426.9,0.2,Western Australia,WA,,
56090,Mundaring,42434,43577,1143,2.7,143,730,270,643.2,67.8,Western Australia,WA,,
56160,Murchison,108,111,3,2.8,0,2,1,45046.1,0.0,Western Australia,WA,,
56230,Murray,20633,21447,814,3.9,39,681,94,1703.5,12.6,Western Australia,WA,115.79,-32.61
56300,Nannup,1700,1743,43,2.5,0,35,8,3053.9,0.6,Western Australia,WA,,
56370,Narembeen,848,853,5,0.6,10,-12,7,3809.0,0.2,Western Australia,WA,,
56460,Narrogin,5043,4989,-54,-1.1,-15,-75,36,1631.3,3.1,Western Australia,WA,,
56580,Nedlands,25290,25711,421,1.7,26,-87,482,19.6,1308.8,Western Australia,WA,,
56620,Ngaanyatjarraku,1488,1483,-5,-0.3,0,-13,8,159816.0,0.0,Western Australia,WA,,
56730,Northam,12452,12758,306,2.5,33,232,41,1431.2,8.9,Western Australia,WA,,
56790,Northampton,3419,3459,40,1.2,5,24,11,12543.7,0.3,Western Australia,WA,,
56860,Nungarin,264,265,1,0.4,2,-2,1,1166.0,0.2,Western Australia,WA,,
56930,Peppermint Grove,1793,1828,35,2.0,0,0,35,1.1,1712.1,Western Australia,WA,,
57000,Perenjori,659,665,6,0.9,-3,6,3,8301.4,0.1,Western Australia,WA,,
57080,Perth,34952,35673,721,2.1,109,-887,1499,13.7,2597.5,Western Australia,WA,,
57140,Pingelly,1094,1108,14,1.3,4,6,4,1294.6,0.9,Western Australia,WA,,
57210,Plantagenet,5767,5793,26,0.5,-9,23,12,4876.7,1.2,Western Australia,WA,,
57280,Port Hedland,17564,17743,179,1.0,231,-228,176,18417.1,1.0,Western Australia,WA,,
57350,Quairading,970,956,-14,-1.4,-4,-15,5,2016.9,0.5,Western Australia,WA,,
57420,Ravensthorpe,2294,2309,15,0.7,13,-12,14,9841.8,0.2,Western Australia,WA,,
57490,Rockingham,154956,159934,4978,3.2,930,2380,1668,257.5,621.1,Western Australia,WA,115.73,-32.28
57630,Sandstone,116,118,2,1.7,0,2,0,32605.3,0.0,Western Australia,WA,,
57700,Serpentine-Jarrahdale,38793,40531,1738,4.5,503,914,321,901.2,45.0,Western Australia,WA,115.99,-32.39
57770,Shark Bay,1171,1194,23,2.0,3,10,10,24201.5,0.0,Western Australia,WA,,
57840,South Perth,48151,48745,594,1.2,-1,-384,979,19.8,2460.5,Western Australia,WA,,
57910,Stirling,250869,254821,3952,1.6,1308,-1948,4592,104.7,2433.2,Western Australia,WA,115.87,-31.93
57980,Subiaco,19609,20038,429,2.2,12,34,383,5.6,3566.6,Western Australia,WA,,
58050,Swan,179896,187090,7194,4.0,1706,3441,2047,1043.0,179.4,Western Australia,WA,116.06,-31.84
58190,Tammin,399,395,-4,-1.0,1,-7,2,1101.7,0.4,Western Australia,WA,,
58260,Three Springs,598,606,8,1.3,2,3,3,2656.7,0.2,Western Australia,WA,,
58330,Toodyay,5098,5251,153,3.0,-8,150,11,1691.6,3.1,Western Australia,WA,,
58400,Trayning,309,304,-5,-1.6,-7,0,2,1651.2,0.2,Western Australia,WA,,
58470,Upper Gascoyne,204,206,2,1.0,5,-5,2,57809.9,0.0,Western Australia,WA,,
58510,Victoria Park,42564,43333,769,1.8,119,-564,1214,17.9,2415.5,Western Australia,WA,,
58540,Victoria Plains,835,825,-10,-1.2,0,-15,5,2551.0,0.3,Western Australia,WA,,
58570,Vincent,41707,42392,685,1.6,180,-414,919,11.4,3726.1,Western Australia,WA,,
58610,Wagin,1830,1841,11,0.6,0,7,4,1946.2,0.9,Western Australia,WA,,
58680,Wandering,549,558,9,1.6,4,4,1,1903.9,0.3,Western Australia,WA,,
58760,Wanneroo,238616,246147,7531,3.2,1731,2625,3175,683.3,360.3,Western Australia,WA,115.8,-31.75
58820,Waroona,4556,4665,109,2.4,7,91,11,832.2,5.6,Western Australia,WA,,
58890,West Arthur,793,801,8,1.0,0,6,2,2831.8,0.3,Western Australia,WA,,
59030,Westonia,248,250,2,0.8,1,0,1,3319.4,0.1,Western Australia,WA,,
59100,Wickepin,713,721,8,1.1,1,4,3,2040.9,0.4,Western Australia,WA,,
59170,Williams,1069,1081,12,1.1,9,1,2,2304.7,0.5,Western Australia,WA,,
59250,Wiluna,565,567,2,0.4,1,-2,3,181297.3,0.0,Western Australia,WA,,
59310,Wongan-Ballidu,1347,1357,10,0.7,9,-3,4,3365.1,0.4,Western Australia,WA,,
59320,Woodanilling,494,495,1,0.2,1,-3,3,1128.8,0.4,Western Australia,WA,,
59330,Wyalkatchem,494,493,-1,-0.2,-10,7,2,1594.5,0.3,Western Australia,WA,,
59340,Wyndham-East Kimberley,8380,8441,61,0.7,62,-64,63,112066.3,0.1,Western Australia,WA,,
59350,Yalgoo,355,356,1,0.3,3,-3,1,27949.5,0.0,Western Australia,WA,,
59360,Yilgarn,1215,1204,-11,-0.9,4,-20,5,30428.8,0.0,Western Australia,WA,,
59370,York,3661,3677,16,0.4,-29,43,2,2131.6,1.7,Western Australia,WA,,
51710,Christmas Island,1867,1889,22,1.2,6,0,16,136.1,13.9,Western Australia,WA,,
51860,Cocos (Keeling) Islands,622,626,4,0.6,-3,0,7,13.7,45.6,Western Australia,WA,,
60210,Break O'Day,7146,7230,84,1.2,-43,106,21,3523.9,2.1,Tasmania,TAS,,
60410,Brighton,20324,20527,203,1.0,115,65,23,171.2,119.9,Tasmania,TAS,,
60610,Burnie,20381,20420,39,0.2,13,-37,63,611.0,33.4,Tasmania,TAS,145.91,-41.06
60810,Central Coast (Tas.),23325,23378,53,0.2,-69,81,41,933.1,25.1,Tasmania,TAS,,
61010,Central Highlands (Tas.),2594,2603,9,0.3,6,-2,5,7982.4,0.3,Tasmania,TAS,,
61210,Circular Head,8288,8286,-2,0.0,-2,-34,34,4897.7,1.7,Tasmania,TAS,,
61410,Clarence,63850,64119,269,0.4,163,-190,296,378.0,169.6,Tasmania,TAS,147.42,-42.88
61510,Derwent Valley,11430,11513,83,0.7,27,38,18,4108.1,2.8,Tasmania,TAS,,
61610,Devonport,26978,26994,16,0.1,-58,-21,95,111.3,242.6,Tasmania,TAS,146.35,-41.18
61810,Dorset,7006,7059,53,0.8,-42,80,15,3230.5,2.2,Tasmania,TAS,,
62010,Flinders (Tas.),940,924,-16,-1.7,0,-16,0,1996.6,0.5,Tasmania,TAS,,
62210,George Town,7367,7420,53,0.7,-35,68,20,653.4,11.4,Tasmania,TAS,,
62410,Glamorgan-Spring Bay,5303,5352,49,0.9,-28,57,20,2591.6,2.1,Tasmania,TAS,,
62610,Glenorchy,50687,50450,-237,-0.5,182,-765,346,121.2,416.4,Tasmania,TAS,147.28,-42.84
62810,Hobart,55997,55859,-138,-0.2,-77,-953,892,77.9,717.1,Tasmania,TAS,,
63010,Huon Valley,19712,19893,181,0.9,37,76,68,5507.4,3.6,Tasmania,TAS,,
63210,Kentish,6844,6866,22,0.3,-10,13,19,1156.2,5.9,Tasmania,TAS,,
63410,King Island,1659,1647,-12,-0.7,1,-20,7,1095.7,1.5,Tasmania,TAS,,
63610,Kingborough,41479,41628,149,0.4,75,-152,226,720.1,57.8,Tasmania,TAS,,
63810,Latrobe (Tas.),13148,13264,116,0.9,-44,130,30,600.5,22.1,Tasmania,TAS,,
64010,Launceston,71533,71341,-192,-0.3,4,-708,512,1413.6,50.5,Tasmania,TAS,147.14,-41.43
64210,Meander Valley,21558,21739,181,0.8,45,73,63,3330.8,6.5,Tasmania,TAS,,
64610,Northern Midlands,14438,14544,106,0.7,29,46,31,5135.3,2.8,Tasmania,TAS,,
64810,Sorell,17864,18108,244,1.4,99,92,53,583.8,31.0,Tasmania,TAS,,
65010,Southern Midlands,6953,6987,34,0.5,5,25,4,2615.5,2.7,Tasmania,TAS,,
65210,Tasman,2708,2738,30,1.1,2,23,5,660.4,4.1,Tasmania,TAS,,
65410,Waratah-Wynyard,14892,14916,24,0.2,-45,43,26,3535.9,4.2,Tasmania,TAS,,
65610,West Coast,4314,4320,6,0.1,7,-8,7,9583.5,0.5,Tasmania,TAS,,
65810,West Tamar,26047,26136,89,0.3,-7,13,83,691.2,37.8,Tasmania,TAS,,
70200,Alice Springs,30487,30875,388,1.3,175,-365,578,327.7,94.2,Northern Territory,NT,,
70420,Barkly,7378,7448,70,0.9,67,-44,47,322710.4,0.0,Northern Territory,NT,,
70540,Belyuen,167,167,0,0.0,-1,0,1,41.4,4.0,Northern Territory,NT,,
70620,Central Desert,4155,4170,15,0.4,24,-16,7,281338.0,0.0,Northern Territory,NT,,
70700,Coomalie,1418,1448,30,2.1,8,11,11,2056.1,0.7,Northern Territory,NT,,
71000,Darwin,88753,90035,1282,1.4,649,-1602,2235,111.3,809.2,Northern Territory,NT,,
71150,Darwin Waterfront Precinct,322,352,30,9.3,0,13,17,0.7,472.7,Northern Territory,NT,130.84,-12.46
71500,East Arnhem,8108,8130,22,0.3,82,-73,13,30703.0,0.3,Northern Territory,NT,,
71700,Groote Archipelago,2050,2095,45,2.2,-1,42,4,2606.9,0.8,Northern Territory,NT,,
72200,Katherine,11188,11282,94,0.8,85,-66,75,7416.6,1.5,Northern Territory,NT,,
72300,Litchfield,24305,24849,544,2.2,121,288,135,2903.3,8.6,Northern Territory,NT,130.74,-12.57
72330,MacDonnell,6841,6978,137,2.0,33,61,43,268339.0,0.0,Northern Territory,NT,,
72800,Palmerston,42611,43193,582,1.4,517,-388,453,68.2,633.5,Northern Territory,NT,130.98,-12.49
73600,Roper Gulf,7534,7597,63,0.8,71,-36,28,185213.5,0.0,Northern Territory,NT,,
74050,Tiwi Islands,2756,2767,11,0.4,6,0,5,7483.2,0.4,Northern Territory,NT,,
74550,Victoria Daly,3323,3356,33,1.0,32,-6,7,153287.4,0.0,Northern Territory,NT,,
74560,Wagait,494,504,10,2.0,4,2,4,5.7,89.0,Northern Territory,NT,,
74660,West Arnhem,7534,7608,74,1.0,54,1,19,49675.0,0.2,Northern Territory,NT,,
74680,West Daly,3474,3495,21,0.6,30,-13,4,14069.7,0.2,Northern Territory,NT,,
79399,Unincorporated NT,7986,8207,221,2.8,68,86,67,19777.4,0.4,Northern Territory,NT,,
